student_id,total_courses
16497,9
39417,8
4112,7
10539,7
18364,7
28582,7
31500,7
33235,7
40012,7
46226,7
809,6
4458,6
5279,6
6523,6
10166,6
10236,6
10957,6
11158,6
14107,6
14423,6
14868,6
18183,6
20087,6
21066,6
21405,6
23301,6
25275,6
25606,6
30204,6
31216,6
33045,6
33358,6
33555,6
36215,6
40904,6
41323,6
46985,6
49846,6
764,5
883,5
1873,5
2008,5
2143,5
2789,5
3365,5
3370,5
4019,5
4036,5
4817,5
5158,5
6144,5
6324,5
6499,5
6887,5
8030,5
8555,5
8600,5
8673,5
9899,5
10317,5
11016,5
11070,5
11094,5
11118,5
11127,5
11146,5
11373,5
12166,5
12781,5
13197,5
14682,5
15763,5
15945,5
16084,5
16344,5
16804,5
16916,5
17085,5
17260,5
17303,5
18174,5
18217,5
18636,5
18685,5
19476,5
19551,5
19710,5
20060,5
20435,5
20588,5
20605,5
21112,5
21667,5
22283,5
22412,5
22599,5
22726,5
22753,5
23234,5
23336,5
23428,5
24298,5
24332,5
24899,5
24993,5
25327,5
25665,5
26023,5
28023,5
28369,5
28884,5
29435,5
30228,5
30726,5
30727,5
31442,5
31736,5
32086,5
32433,5
32789,5
33319,5
34531,5
34705,5
34833,5
35804,5
36421,5
36573,5
36697,5
36874,5
37192,5
37449,5
37764,5
38566,5
38678,5
38989,5
39345,5
39647,5
40235,5
40742,5
40862,5
41344,5
41440,5
41772,5
41946,5
42523,5
42600,5
42661,5
43147,5
43289,5
44911,5
45872,5
45979,5
46093,5
46750,5
46887,5
47176,5
47459,5
47545,5
47685,5
48042,5
48405,5
49103,5
49162,5
49738,5
49812,5
371,4
622,4
919,4
1145,4
1271,4
1329,4
1440,4
1535,4
1637,4
1691,4
1751,4
1908,4
2019,4
2416,4
2522,4
2535,4
2547,4
2637,4
2651,4
2876,4
2932,4
2971,4
3037,4
3137,4
3165,4
3206,4
3340,4
3506,4
3547,4
3585,4
3751,4
3843,4
3891,4
3898,4
4149,4
4414,4
4517,4
4735,4
4778,4
4953,4
4995,4
5062,4
5187,4
5280,4
5286,4
5465,4
5682,4
5915,4
5929,4
5948,4
6031,4
6512,4
6513,4
6518,4
6558,4
6761,4
6850,4
6863,4
6958,4
7007,4
7141,4
7272,4
7431,4
7598,4
7616,4
7646,4
7650,4
7680,4
7713,4
7824,4
8003,4
8036,4
8188,4
8189,4
8247,4
8360,4
8412,4
8733,4
8843,4
8854,4
8958,4
8976,4
9246,4
9358,4
9453,4
9472,4
9625,4
9790,4
9887,4
9934,4
10012,4
10107,4
10134,4
10215,4
10358,4
10373,4
10381,4
10384,4
10426,4
10653,4
10683,4
10804,4
10986,4
11011,4
11022,4
11038,4
11066,4
11067,4
11577,4
11865,4
11984,4
12195,4
12398,4
12408,4
12431,4
12628,4
12733,4
13101,4
13407,4
13601,4
13722,4
13835,4
13858,4
13918,4
13926,4
14232,4
14382,4
14436,4
14441,4
14530,4
14590,4
14639,4
14997,4
15145,4
15168,4
15228,4
15272,4
15318,4
15372,4
15529,4
15531,4
15662,4
15720,4
15722,4
15846,4
15932,4
15981,4
16070,4
16130,4
16217,4
16282,4
16625,4
16668,4
16869,4
16986,4
17100,4
17118,4
17120,4
17273,4
17388,4
17493,4
17884,4
18098,4
18129,4
18165,4
18213,4
18250,4
18255,4
18421,4
18448,4
18593,4
18651,4
18735,4
19041,4
19053,4
19201,4
19247,4
19668,4
19674,4
19791,4
19811,4
19851,4
19892,4
19928,4
19987,4
20229,4
20394,4
20562,4
20625,4
20639,4
20695,4
20730,4
20743,4
20974,4
21044,4
21391,4
21599,4
21603,4
21640,4
21858,4
21882,4
21888,4
22092,4
22163,4
22230,4
22596,4
22672,4
22822,4
22979,4
23157,4
23454,4
23556,4
23641,4
23680,4
24040,4
24053,4
24198,4
24492,4
24532,4
24584,4
24597,4
24765,4
24827,4
24840,4
24905,4
24944,4
25216,4
25574,4
25695,4
26042,4
26131,4
26158,4
26334,4
26375,4
26377,4
26396,4
26442,4
26510,4
26730,4
26778,4
27068,4
27321,4
27480,4
27577,4
27822,4
28208,4
28329,4
28426,4
28738,4
28739,4
28875,4
28947,4
28972,4
29144,4
29167,4
29221,4
29340,4
29378,4
29418,4
29827,4
29887,4
30186,4
30641,4
30959,4
31007,4
31153,4
31265,4
31385,4
31445,4
31505,4
31842,4
31864,4
31876,4
32062,4
32137,4
32142,4
32191,4
32267,4
32420,4
32432,4
32600,4
32834,4
33025,4
33073,4
33212,4
33423,4
33571,4
33577,4
33720,4
33875,4
33898,4
34768,4
35072,4
35143,4
35298,4
35770,4
35796,4
35847,4
35953,4
36240,4
36371,4
36728,4
36959,4
37330,4
37374,4
37460,4
37565,4
37613,4
37715,4
37742,4
37789,4
37899,4
38193,4
38569,4
38784,4
38970,4
39002,4
39026,4
39090,4
39098,4
39183,4
39468,4
39829,4
39959,4
39986,4
40026,4
40266,4
40287,4
40648,4
40698,4
40839,4
40956,4
41015,4
41119,4
41180,4
41216,4
41234,4
41389,4
41428,4
41439,4
41511,4
41693,4
41773,4
41925,4
41993,4
42007,4
42070,4
42100,4
42194,4
42270,4
42336,4
42441,4
42466,4
42556,4
42581,4
42650,4
42746,4
42859,4
42930,4
42965,4
42990,4
43382,4
43423,4
43610,4
43634,4
43805,4
43820,4
43922,4
44346,4
44567,4
44588,4
44590,4
44614,4
44905,4
45000,4
45044,4
45359,4
45391,4
45459,4
45692,4
45737,4
46151,4
46154,4
46227,4
46233,4
46238,4
46258,4
46442,4
46459,4
46622,4
46625,4
46710,4
46797,4
46913,4
47049,4
47089,4
47143,4
47208,4
47507,4
47511,4
47517,4
47590,4
47600,4
47690,4
47716,4
47967,4
48047,4
48280,4
48315,4
48685,4
48885,4
48922,4
48925,4
49085,4
49106,4
49111,4
49133,4
49311,4
49363,4
49442,4
49755,4
49884,4
49969,4
142,3
348,3
414,3
449,3
451,3
462,3
473,3
480,3
516,3
532,3
589,3
664,3
694,3
735,3
801,3
807,3
898,3
949,3
998,3
1000,3
1006,3
1078,3
1082,3
1097,3
1179,3
1203,3
1359,3
1368,3
1390,3
1408,3
1425,3
1484,3
1624,3
1673,3
1707,3
1720,3
1915,3
1998,3
2013,3
2030,3
2094,3
2095,3
2279,3
2337,3
2410,3
2465,3
2540,3
2551,3
2564,3
2645,3
2657,3
2670,3
2692,3
2713,3
2787,3
2798,3
2815,3
2887,3
2894,3
2920,3
2965,3
3085,3
3128,3
3135,3
3136,3
3401,3
3417,3
3469,3
3514,3
3540,3
3573,3
3624,3
3664,3
3670,3
3724,3
3762,3
3783,3
3785,3
3821,3
3836,3
3912,3
3950,3
4010,3
4094,3
4340,3
4384,3
4511,3
4526,3
4567,3
4637,3
4652,3
4683,3
4720,3
4799,3
4813,3
4842,3
4865,3
4916,3
4933,3
4959,3
5080,3
5129,3
5135,3
5152,3
5178,3
5185,3
5188,3
5256,3
5263,3
5287,3
5292,3
5301,3
5307,3
5389,3
5436,3
5491,3
5496,3
5548,3
5608,3
5626,3
5721,3
5738,3
5758,3
5826,3
5846,3
5865,3
5906,3
5924,3
5989,3
6008,3
6043,3
6129,3
6237,3
6325,3
6563,3
6599,3
6746,3
6765,3
6825,3
6847,3
6864,3
6907,3
6957,3
7009,3
7054,3
7057,3
7064,3
7129,3
7148,3
7160,3
7211,3
7218,3
7275,3
7342,3
7369,3
7536,3
7560,3
7599,3
7614,3
7640,3
7669,3
7692,3
7711,3
7712,3
7729,3
7793,3
7897,3
7975,3
7982,3
8024,3
8034,3
8057,3
8080,3
8085,3
8095,3
8123,3
8138,3
8282,3
8347,3
8370,3
8393,3
8417,3
8492,3
8595,3
8605,3
8609,3
8633,3
8634,3
8652,3
8681,3
8711,3
8738,3
8740,3
8769,3
8833,3
8852,3
8903,3
8972,3
9020,3
9038,3
9096,3
9136,3
9251,3
9308,3
9321,3
9334,3
9349,3
9374,3
9411,3
9412,3
9449,3
9463,3
9474,3
9481,3
9509,3
9544,3
9592,3
9814,3
9896,3
9909,3
9933,3
9953,3
9978,3
9993,3
10024,3
10073,3
10082,3
10124,3
10169,3
10397,3
10404,3
10435,3
10438,3
10470,3
10474,3
10641,3
10673,3
10746,3
10775,3
10792,3
10925,3
10931,3
10949,3
10961,3
10962,3
10979,3
11025,3
11029,3
11045,3
11064,3
11123,3
11139,3
11155,3
11189,3
11202,3
11232,3
11272,3
11303,3
11317,3
11329,3
11334,3
11407,3
11422,3
11474,3
11486,3
11495,3
11522,3
11590,3
11601,3
11627,3
11628,3
11638,3
11648,3
11706,3
11814,3
11828,3
11869,3
11875,3
11887,3
11969,3
11974,3
11979,3
12003,3
12046,3
12060,3
12090,3
12097,3
12223,3
12268,3
12285,3
12314,3
12405,3
12520,3
12526,3
12580,3
12674,3
12712,3
12730,3
12767,3
12806,3
12855,3
12867,3
12910,3
12942,3
12981,3
13010,3
13106,3
13146,3
13195,3
13237,3
13245,3
13264,3
13298,3
13314,3
13359,3
13375,3
13401,3
13590,3
13596,3
13617,3
13648,3
13655,3
13680,3
13843,3
13849,3
13860,3
13873,3
14040,3
14067,3
14103,3
14216,3
14224,3
14231,3
14265,3
14275,3
14296,3
14301,3
14315,3
14339,3
14342,3
14351,3
14355,3
14380,3
14398,3
14409,3
14445,3
14446,3
14451,3
14452,3
14479,3
14532,3
14629,3
14772,3
14784,3
14845,3
14859,3
14901,3
14906,3
14933,3
14963,3
15007,3
15049,3
15088,3
15099,3
15108,3
15116,3
15119,3
15149,3
15173,3
15242,3
15276,3
15287,3
15378,3
15418,3
15428,3
15432,3
15441,3
15452,3
15460,3
15467,3
15477,3
15516,3
15542,3
15552,3
15579,3
15632,3
15739,3
15745,3
15767,3
15884,3
15896,3
15937,3
15952,3
16036,3
16042,3
16043,3
16073,3
16104,3
16194,3
16203,3
16252,3
16272,3
16280,3
16395,3
16465,3
16490,3
16514,3
16525,3
16551,3
16622,3
16697,3
16719,3
16753,3
16770,3
16902,3
16932,3
16981,3
17017,3
17071,3
17140,3
17149,3
17215,3
17226,3
17263,3
17302,3
17344,3
17361,3
17381,3
17396,3
17398,3
17435,3
17440,3
17516,3
17517,3
17522,3
17550,3
17687,3
17695,3
17768,3
17806,3
17847,3
17864,3
17935,3
17986,3
17998,3
18009,3
18037,3
18133,3
18151,3
18152,3
18155,3
18205,3
18211,3
18244,3
18283,3
18285,3
18359,3
18373,3
18403,3
18432,3
18502,3
18509,3
18570,3
18589,3
18718,3
18770,3
18802,3
18817,3
18871,3
18887,3
18899,3
18918,3
18981,3
18989,3
19036,3
19088,3
19134,3
19146,3
19151,3
19203,3
19231,3
19240,3
19282,3
19328,3
19335,3
19346,3
19388,3
19434,3
19449,3
19483,3
19495,3
19506,3
19544,3
19608,3
19614,3
19624,3
19637,3
19669,3
19683,3
19714,3
19754,3
19837,3
19884,3
19944,3
19950,3
20101,3
20113,3
20189,3
20211,3
20254,3
20281,3
20305,3
20318,3
20491,3
20495,3
20496,3
20528,3
20574,3
20611,3
20694,3
20697,3
20742,3
20751,3
20827,3
20834,3
20904,3
20923,3
20938,3
20952,3
21024,3
21152,3
21156,3
21187,3
21216,3
21217,3
21243,3
21290,3
21302,3
21331,3
21335,3
21366,3
21443,3
21459,3
21463,3
21511,3
21535,3
21569,3
21573,3
21598,3
21655,3
21676,3
21795,3
21817,3
21911,3
21918,3
21932,3
21955,3
21964,3
22064,3
22244,3
22258,3
22305,3
22334,3
22337,3
22382,3
22437,3
22548,3
22582,3
22597,3
22662,3
22687,3
22723,3
22844,3
22863,3
22866,3
22872,3
22905,3
22907,3
22914,3
22924,3
22946,3
22974,3
23026,3
23067,3
23110,3
23134,3
23187,3
23216,3
23219,3
23244,3
23330,3
23417,3
23448,3
23467,3
23483,3
23513,3
23545,3
23562,3
23622,3
23708,3
23750,3
23753,3
23824,3
23870,3
23917,3
23980,3
23994,3
24008,3
24174,3
24254,3
24258,3
24269,3
24303,3
24306,3
24307,3
24345,3
24346,3
24401,3
24418,3
24456,3
24459,3
24509,3
24539,3
24640,3
24668,3
24684,3
24740,3
24767,3
24773,3
24790,3
24826,3
24833,3
24881,3
24920,3
24968,3
25008,3
25017,3
25062,3
25067,3
25109,3
25155,3
25162,3
25171,3
25190,3
25215,3
25239,3
25261,3
25268,3
25280,3
25314,3
25373,3
25389,3
25452,3
25487,3
25533,3
25538,3
25584,3
25621,3
25676,3
25708,3
25722,3
25728,3
25749,3
25789,3
25796,3
25827,3
25841,3
25878,3
25939,3
25971,3
26014,3
26086,3
26152,3
26204,3
26366,3
26398,3
26445,3
26475,3
26488,3
26520,3
26527,3
26576,3
26631,3
26715,3
26720,3
26875,3
26942,3
27040,3
27055,3
27073,3
27127,3
27130,3
27136,3
27178,3
27185,3
27217,3
27247,3
27342,3
27361,3
27393,3
27395,3
27396,3
27502,3
27562,3
27629,3
27710,3
27799,3
27805,3
27820,3
27899,3
27934,3
27948,3
27991,3
28057,3
28124,3
28173,3
28248,3
28307,3
28319,3
28341,3
28400,3
28403,3
28415,3
28440,3
28471,3
28473,3
28509,3
28535,3
28549,3
28557,3
28566,3
28586,3
28601,3
28644,3
28701,3
28835,3
28842,3
28852,3
28887,3
28918,3
28952,3
28953,3
28957,3
29001,3
29070,3
29080,3
29113,3
29151,3
29166,3
29307,3
29335,3
29369,3
29492,3
29594,3
29597,3
29609,3
29715,3
29882,3
29883,3
29914,3
30043,3
30051,3
30074,3
30106,3
30159,3
30241,3
30334,3
30397,3
30424,3
30456,3
30476,3
30516,3
30622,3
30623,3
30652,3
30665,3
30724,3
30735,3
30863,3
30937,3
30949,3
30984,3
31058,3
31061,3
31123,3
31140,3
31164,3
31167,3
31208,3
31247,3
31254,3
31395,3
31414,3
31421,3
31474,3
31492,3
31521,3
31561,3
31690,3
31699,3
31739,3
31841,3
31865,3
31901,3
31916,3
31933,3
31942,3
31958,3
31974,3
31980,3
32022,3
32031,3
32209,3
32228,3
32246,3
32266,3
32281,3
32297,3
32303,3
32320,3
32410,3
32423,3
32434,3
32591,3
32630,3
32675,3
32683,3
32692,3
32694,3
32722,3
32752,3
32754,3
32761,3
32768,3
33001,3
33023,3
33048,3
33080,3
33138,3
33142,3
33224,3
33246,3
33264,3
33267,3
33369,3
33387,3
33438,3
33476,3
33579,3
33680,3
33701,3
33840,3
33927,3
33930,3
33955,3
34037,3
34049,3
34055,3
34062,3
34179,3
34300,3
34302,3
34327,3
34359,3
34361,3
34380,3
34426,3
34471,3
34510,3
34524,3
34585,3
34646,3
34670,3
34714,3
34742,3
34849,3
34919,3
34929,3
34933,3
34975,3
34976,3
34992,3
34993,3
35022,3
35050,3
35148,3
35174,3
35232,3
35295,3
35299,3
35388,3
35438,3
35448,3
35467,3
35489,3
35498,3
35566,3
35590,3
35624,3
35659,3
35669,3
35684,3
35687,3
35782,3
35863,3
35889,3
35917,3
35942,3
36037,3
36155,3
36186,3
36226,3
36227,3
36237,3
36283,3
36309,3
36338,3
36351,3
36370,3
36411,3
36412,3
36432,3
36477,3
36491,3
36504,3
36546,3
36560,3
36610,3
36611,3
36615,3
36657,3
36774,3
36805,3
36812,3
36830,3
36875,3
36880,3
36889,3
36948,3
36966,3
37045,3
37069,3
37210,3
37234,3
37269,3
37286,3
37305,3
37309,3
37331,3
37367,3
37382,3
37436,3
37495,3
37507,3
37547,3
37548,3
37556,3
37674,3
37676,3
37700,3
37710,3
37783,3
37805,3
37871,3
37883,3
37946,3
37982,3
37996,3
38048,3
38068,3
38083,3
38146,3
38250,3
38311,3
38316,3
38373,3
38396,3
38415,3
38453,3
38474,3
38544,3
38664,3
38677,3
38705,3
38711,3
38789,3
38798,3
38851,3
38852,3
38861,3
38868,3
38922,3
38932,3
38952,3
38962,3
39019,3
39070,3
39075,3
39168,3
39193,3
39235,3
39336,3
39370,3
39448,3
39467,3
39516,3
39662,3
39691,3
39755,3
39784,3
39812,3
39817,3
39979,3
40006,3
40009,3
40037,3
40060,3
40073,3
40091,3
40112,3
40151,3
40261,3
40317,3
40322,3
40362,3
40414,3
40501,3
40516,3
40580,3
40617,3
40631,3
40642,3
40658,3
40761,3
40767,3
40772,3
40804,3
40825,3
40845,3
40884,3
40893,3
40913,3
40962,3
40999,3
41013,3
41056,3
41061,3
41111,3
41117,3
41228,3
41237,3
41251,3
41371,3
41392,3
41412,3
41549,3
41572,3
41583,3
41634,3
41669,3
41727,3
41739,3
41750,3
41808,3
41883,3
41919,3
41976,3
42121,3
42127,3
42136,3
42144,3
42193,3
42224,3
42247,3
42251,3
42256,3
42278,3
42322,3
42327,3
42353,3
42490,3
42504,3
42529,3
42546,3
42564,3
42568,3
42616,3
42633,3
42718,3
42771,3
42779,3
42835,3
42866,3
42875,3
42951,3
42989,3
43007,3
43043,3
43093,3
43189,3
43191,3
43206,3
43211,3
43232,3
43316,3
43338,3
43442,3
43625,3
43672,3
43705,3
43709,3
43712,3
43775,3
43790,3
43792,3
43816,3
43862,3
43873,3
43913,3
43968,3
44020,3
44034,3
44060,3
44075,3
44141,3
44143,3
44149,3
44177,3
44208,3
44219,3
44222,3
44235,3
44264,3
44276,3
44307,3
44323,3
44342,3
44344,3
44347,3
44359,3
44378,3
44385,3
44394,3
44424,3
44461,3
44525,3
44572,3
44629,3
44659,3
44682,3
44693,3
44705,3
44718,3
44755,3
44803,3
44804,3
44831,3
44863,3
44865,3
44868,3
44904,3
44914,3
44938,3
44957,3
44996,3
45027,3
45035,3
45039,3
45097,3
45099,3
45132,3
45160,3
45171,3
45238,3
45314,3
45341,3
45360,3
45362,3
45399,3
45413,3
45425,3
45433,3
45443,3
45446,3
45452,3
45472,3
45483,3
45485,3
45520,3
45550,3
45571,3
45597,3
45638,3
45724,3
45735,3
45762,3
45770,3
45771,3
45824,3
45838,3
45847,3
45871,3
45927,3
45955,3
46008,3
46038,3
46062,3
46065,3
46098,3
46126,3
46192,3
46212,3
46236,3
46250,3
46330,3
46346,3
46365,3
46366,3
46437,3
46473,3
46503,3
46516,3
46567,3
46629,3
46640,3
46643,3
46644,3
46668,3
46669,3
46704,3
46724,3
46758,3
46805,3
46816,3
46834,3
46886,3
46924,3
46948,3
46953,3
46963,3
46996,3
47090,3
47091,3
47147,3
47188,3
47216,3
47231,3
47285,3
47318,3
47390,3
47402,3
47406,3
47414,3
47464,3
47534,3
47563,3
47578,3
47589,3
47608,3
47627,3
47653,3
47706,3
47717,3
47718,3
47755,3
47771,3
47792,3
47799,3
47817,3
47882,3
47895,3
47992,3
48038,3
48112,3
48125,3
48144,3
48195,3
48211,3
48241,3
48246,3
48265,3
48266,3
48284,3
48329,3
48346,3
48354,3
48426,3
48437,3
48511,3
48588,3
48617,3
48714,3
48887,3
48963,3
48973,3
49005,3
49086,3
49114,3
49167,3
49198,3
49234,3
49237,3
49347,3
49408,3
49409,3
49445,3
49456,3
49485,3
49521,3
49606,3
49661,3
49683,3
49731,3
49869,3
100,2
159,2
169,2
172,2
174,2
211,2
252,2
287,2
313,2
316,2
331,2
339,2
341,2
349,2
352,2
361,2
398,2
427,2
450,2
483,2
555,2
575,2
610,2
629,2
641,2
650,2
662,2
671,2
686,2
699,2
711,2
732,2
746,2
772,2
789,2
817,2
862,2
892,2
905,2
966,2
979,2
991,2
993,2
1026,2
1046,2
1104,2
1121,2
1141,2
1143,2
1162,2
1163,2
1175,2
1191,2
1214,2
1218,2
1220,2
1223,2
1264,2
1282,2
1289,2
1299,2
1300,2
1332,2
1336,2
1340,2
1344,2
1426,2
1445,2
1487,2
1511,2
1515,2
1526,2
1536,2
1539,2
1542,2
1548,2
1550,2
1557,2
1601,2
1613,2
1632,2
1644,2
1692,2
1698,2
1706,2
1719,2
1740,2
1746,2
1778,2
1782,2
1816,2
1818,2
1869,2
1870,2
1876,2
1886,2
1912,2
1931,2
1933,2
1947,2
1959,2
1969,2
1973,2
1996,2
2017,2
2023,2
2050,2
2060,2
2062,2
2085,2
2096,2
2098,2
2105,2
2116,2
2117,2
2120,2
2139,2
2145,2
2159,2
2164,2
2167,2
2170,2
2174,2
2210,2
2272,2
2302,2
2304,2
2305,2
2311,2
2320,2
2322,2
2325,2
2366,2
2371,2
2392,2
2412,2
2441,2
2442,2
2457,2
2482,2
2566,2
2580,2
2583,2
2589,2
2628,2
2630,2
2638,2
2650,2
2710,2
2730,2
2737,2
2762,2
2781,2
2791,2
2814,2
2837,2
2851,2
2863,2
2864,2
2873,2
2926,2
2959,2
2982,2
2992,2
3000,2
3018,2
3020,2
3033,2
3071,2
3074,2
3126,2
3151,2
3170,2
3199,2
3203,2
3239,2
3243,2
3288,2
3294,2
3310,2
3322,2
3341,2
3342,2
3345,2
3351,2
3356,2
3371,2
3374,2
3379,2
3388,2
3390,2
3450,2
3464,2
3509,2
3517,2
3524,2
3527,2
3533,2
3535,2
3561,2
3570,2
3584,2
3600,2
3609,2
3618,2
3663,2
3678,2
3679,2
3682,2
3703,2
3711,2
3763,2
3791,2
3810,2
3849,2
3890,2
3939,2
3956,2
3971,2
3976,2
4035,2
4043,2
4102,2
4106,2
4150,2
4159,2
4171,2
4193,2
4198,2
4209,2
4251,2
4272,2
4308,2
4312,2
4322,2
4323,2
4361,2
4371,2
4385,2
4403,2
4428,2
4429,2
4456,2
4460,2
4468,2
4469,2
4483,2
4508,2
4560,2
4571,2
4575,2
4586,2
4590,2
4647,2
4677,2
4688,2
4699,2
4706,2
4725,2
4736,2
4741,2
4761,2
4762,2
4769,2
4781,2
4797,2
4819,2
4831,2
4838,2
4950,2
4979,2
4992,2
4994,2
5035,2
5073,2
5107,2
5181,2
5193,2
5208,2
5239,2
5240,2
5249,2
5268,2
5291,2
5305,2
5327,2
5328,2
5330,2
5339,2
5387,2
5390,2
5429,2
5441,2
5449,2
5479,2
5504,2
5520,2
5523,2
5547,2
5568,2
5574,2
5622,2
5647,2
5664,2
5702,2
5734,2
5737,2
5757,2
5772,2
5774,2
5786,2
5820,2
5823,2
5885,2
5893,2
5913,2
5957,2
5976,2
5983,2
5996,2
5997,2
6002,2
6003,2
6005,2
6047,2
6050,2
6059,2
6074,2
6091,2
6128,2
6134,2
6164,2
6165,2
6229,2
6231,2
6235,2
6240,2
6263,2
6267,2
6281,2
6312,2
6346,2
6414,2
6420,2
6424,2
6427,2
6429,2
6431,2
6433,2
6436,2
6449,2
6451,2
6461,2
6471,2
6473,2
6509,2
6510,2
6514,2
6548,2
6585,2
6607,2
6621,2
6681,2
6737,2
6773,2
6806,2
6823,2
6842,2
6859,2
6869,2
6870,2
6891,2
6901,2
6916,2
6930,2
6937,2
6950,2
6956,2
6970,2
6973,2
6979,2
6982,2
7013,2
7014,2
7021,2
7028,2
7038,2
7047,2
7071,2
7073,2
7110,2
7128,2
7139,2
7176,2
7181,2
7209,2
7215,2
7222,2
7254,2
7258,2
7277,2
7284,2
7297,2
7299,2
7300,2
7304,2
7309,2
7344,2
7345,2
7354,2
7364,2
7368,2
7401,2
7408,2
7409,2
7449,2
7450,2
7454,2
7459,2
7480,2
7483,2
7494,2
7506,2
7541,2
7553,2
7580,2
7688,2
7757,2
7758,2
7762,2
7775,2
7794,2
7796,2
7810,2
7811,2
7821,2
7859,2
7862,2
7879,2
7911,2
7923,2
7931,2
7959,2
7984,2
7998,2
8038,2
8068,2
8082,2
8087,2
8103,2
8124,2
8237,2
8259,2
8261,2
8270,2
8294,2
8300,2
8312,2
8328,2
8375,2
8426,2
8449,2
8463,2
8482,2
8501,2
8520,2
8543,2
8552,2
8556,2
8573,2
8587,2
8593,2
8596,2
8617,2
8619,2
8636,2
8664,2
8674,2
8694,2
8743,2
8783,2
8814,2
8837,2
8855,2
8857,2
8882,2
8900,2
8907,2
8910,2
8951,2
8963,2
8994,2
8997,2
9016,2
9023,2
9028,2
9034,2
9063,2
9099,2
9104,2
9183,2
9238,2
9266,2
9337,2
9398,2
9404,2
9409,2
9448,2
9455,2
9486,2
9501,2
9560,2
9572,2
9583,2
9609,2
9614,2
9624,2
9656,2
9658,2
9662,2
9673,2
9736,2
9741,2
9759,2
9760,2
9791,2
9802,2
9827,2
9837,2
9917,2
9945,2
9979,2
10036,2
10042,2
10058,2
10104,2
10106,2
10147,2
10188,2
10191,2
10201,2
10220,2
10234,2
10253,2
10264,2
10311,2
10314,2
10357,2
10378,2
10380,2
10385,2
10393,2
10411,2
10413,2
10444,2
10452,2
10482,2
10485,2
10496,2
10502,2
10522,2
10527,2
10547,2
10562,2
10610,2
10631,2
10658,2
10671,2
10772,2
10794,2
10800,2
10812,2
10826,2
10846,2
10849,2
10852,2
10877,2
10900,2
10924,2
10939,2
10972,2
10983,2
10987,2
11021,2
11058,2
11085,2
11108,2
11129,2
11130,2
11148,2
11160,2
11203,2
11222,2
11229,2
11238,2
11250,2
11276,2
11292,2
11296,2
11324,2
11325,2
11342,2
11347,2
11351,2
11368,2
11383,2
11423,2
11434,2
11448,2
11464,2
11502,2
11517,2
11520,2
11525,2
11538,2
11541,2
11563,2
11565,2
11654,2
11678,2
11686,2
11692,2
11791,2
11795,2
11821,2
11830,2
11843,2
11857,2
11876,2
11891,2
11931,2
11946,2
11959,2
11998,2
12057,2
12069,2
12091,2
12104,2
12138,2
12144,2
12150,2
12151,2
12182,2
12225,2
12244,2
12246,2
12263,2
12264,2
12280,2
12281,2
12298,2
12300,2
12321,2
12356,2
12363,2
12383,2
12402,2
12414,2
12444,2
12461,2
12465,2
12475,2
12492,2
12503,2
12509,2
12564,2
12582,2
12608,2
12627,2
12632,2
12722,2
12754,2
12791,2
12792,2
12799,2
12800,2
12815,2
12818,2
12831,2
12834,2
12900,2
12905,2
12962,2
12983,2
13037,2
13039,2
13044,2
13046,2
13059,2
13064,2
13066,2
13079,2
13091,2
13102,2
13118,2
13130,2
13140,2
13192,2
13220,2
13221,2
13247,2
13259,2
13277,2
13283,2
13289,2
13291,2
13302,2
13312,2
13325,2
13399,2
13420,2
13421,2
13431,2
13438,2
13509,2
13518,2
13548,2
13571,2
13579,2
13580,2
13588,2
13605,2
13636,2
13644,2
13681,2
13683,2
13710,2
13724,2
13760,2
13803,2
13807,2
13816,2
13884,2
13887,2
13901,2
13938,2
13947,2
13974,2
13988,2
14005,2
14031,2
14043,2
14045,2
14049,2
14053,2
14064,2
14065,2
14111,2
14135,2
14137,2
14144,2
14184,2
14190,2
14192,2
14207,2
14238,2
14255,2
14259,2
14266,2
14279,2
14281,2
14284,2
14347,2
14348,2
14370,2
14384,2
14385,2
14400,2
14413,2
14415,2
14433,2
14465,2
14516,2
14519,2
14538,2
14550,2
14570,2
14575,2
14601,2
14655,2
14661,2
14662,2
14675,2
14678,2
14704,2
14723,2
14791,2
14829,2
14870,2
14874,2
14898,2
14927,2
14958,2
15013,2
15015,2
15029,2
15048,2
15076,2
15078,2
15089,2
15100,2
15124,2
15159,2
15162,2
15163,2
15197,2
15218,2
15224,2
15232,2
15239,2
15295,2
15296,2
15300,2
15322,2
15323,2
15356,2
15374,2
15412,2
15425,2
15439,2
15451,2
15454,2
15481,2
15493,2
15496,2
15528,2
15548,2
15588,2
15592,2
15672,2
15719,2
15747,2
15757,2
15774,2
15787,2
15809,2
15859,2
15864,2
15867,2
15919,2
15930,2
15979,2
16021,2
16041,2
16050,2
16067,2
16086,2
16105,2
16108,2
16159,2
16160,2
16166,2
16184,2
16202,2
16210,2
16233,2
16239,2
16263,2
16271,2
16276,2
16317,2
16365,2
16377,2
16381,2
16384,2
16389,2
16403,2
16405,2
16410,2
16461,2
16470,2
16495,2
16535,2
16556,2
16562,2
16568,2
16607,2
16612,2
16646,2
16654,2
16673,2
16675,2
16690,2
16692,2
16704,2
16710,2
16720,2
16730,2
16792,2
16820,2
16821,2
16829,2
16843,2
16863,2
16866,2
16876,2
16878,2
16881,2
16901,2
16921,2
16950,2
16983,2
17007,2
17012,2
17022,2
17032,2
17034,2
17045,2
17074,2
17087,2
17104,2
17112,2
17124,2
17139,2
17178,2
17179,2
17196,2
17280,2
17283,2
17308,2
17375,2
17426,2
17442,2
17556,2
17583,2
17613,2
17638,2
17653,2
17671,2
17686,2
17725,2
17765,2
17782,2
17796,2
17802,2
17874,2
17891,2
17910,2
17937,2
18040,2
18078,2
18142,2
18144,2
18194,2
18235,2
18239,2
18273,2
18275,2
18288,2
18334,2
18335,2
18343,2
18384,2
18404,2
18433,2
18469,2
18476,2
18528,2
18533,2
18596,2
18601,2
18611,2
18648,2
18658,2
18717,2
18762,2
18772,2
18774,2
18783,2
18801,2
18815,2
18820,2
18855,2
18861,2
18990,2
19015,2
19037,2
19042,2
19049,2
19082,2
19114,2
19115,2
19156,2
19165,2
19168,2
19184,2
19190,2
19224,2
19242,2
19288,2
19289,2
19295,2
19310,2
19312,2
19319,2
19327,2
19351,2
19389,2
19392,2
19442,2
19448,2
19464,2
19482,2
19494,2
19539,2
19540,2
19560,2
19574,2
19597,2
19607,2
19620,2
19631,2
19641,2
19656,2
19703,2
19719,2
19720,2
19773,2
19775,2
19787,2
19802,2
19866,2
19873,2
19874,2
19891,2
19909,2
19912,2
19921,2
20005,2
20014,2
20019,2
20029,2
20042,2
20045,2
20068,2
20070,2
20092,2
20112,2
20126,2
20153,2
20156,2
20171,2
20190,2
20216,2
20225,2
20242,2
20253,2
20284,2
20306,2
20371,2
20380,2
20391,2
20398,2
20405,2
20410,2
20431,2
20465,2
20501,2
20502,2
20523,2
20543,2
20550,2
20583,2
20592,2
20644,2
20646,2
20650,2
20671,2
20685,2
20693,2
20699,2
20717,2
20718,2
20721,2
20734,2
20766,2
20770,2
20792,2
20796,2
20808,2
20811,2
20820,2
20830,2
20840,2
20859,2
20978,2
20986,2
21013,2
21025,2
21038,2
21060,2
21075,2
21101,2
21107,2
21124,2
21125,2
21141,2
21151,2
21178,2
21188,2
21190,2
21215,2
21275,2
21288,2
21293,2
21348,2
21399,2
21402,2
21419,2
21426,2
21431,2
21440,2
21445,2
21451,2
21484,2
21509,2
21565,2
21567,2
21568,2
21588,2
21615,2
21658,2
21703,2
21716,2
21718,2
21728,2
21730,2
21732,2
21800,2
21814,2
21820,2
21853,2
21951,2
21975,2
21980,2
21987,2
22007,2
22026,2
22031,2
22071,2
22087,2
22108,2
22118,2
22119,2
22186,2
22194,2
22208,2
22224,2
22232,2
22260,2
22267,2
22282,2
22293,2
22356,2
22389,2
22418,2
22421,2
22432,2
22441,2
22448,2
22476,2
22478,2
22480,2
22482,2
22493,2
22531,2
22543,2
22624,2
22667,2
22698,2
22729,2
22731,2
22755,2
22816,2
22834,2
22835,2
22853,2
22854,2
22874,2
22910,2
22911,2
22950,2
22954,2
22956,2
22963,2
23054,2
23066,2
23070,2
23081,2
23086,2
23109,2
23115,2
23122,2
23136,2
23148,2
23196,2
23197,2
23214,2
23226,2
23255,2
23284,2
23289,2
23310,2
23367,2
23458,2
23498,2
23506,2
23541,2
23560,2
23572,2
23590,2
23605,2
23620,2
23631,2
23637,2
23652,2
23768,2
23772,2
23800,2
23833,2
23874,2
23882,2
23961,2
23963,2
23975,2
23981,2
24009,2
24015,2
24047,2
24057,2
24058,2
24075,2
24080,2
24152,2
24153,2
24191,2
24205,2
24216,2
24217,2
24264,2
24283,2
24335,2
24344,2
24356,2
24426,2
24427,2
24436,2
24462,2
24505,2
24536,2
24540,2
24544,2
24577,2
24590,2
24593,2
24609,2
24635,2
24663,2
24667,2
24689,2
24694,2
24710,2
24750,2
24805,2
24830,2
24852,2
24863,2
24884,2
24888,2
24922,2
24933,2
24937,2
24967,2
24999,2
25000,2
25011,2
25016,2
25026,2
25034,2
25051,2
25064,2
25070,2
25072,2
25079,2
25115,2
25148,2
25157,2
25176,2
25183,2
25197,2
25200,2
25248,2
25258,2
25287,2
25320,2
25331,2
25342,2
25353,2
25367,2
25378,2
25383,2
25444,2
25447,2
25470,2
25474,2
25476,2
25491,2
25520,2
25526,2
25543,2
25553,2
25570,2
25602,2
25605,2
25615,2
25620,2
25637,2
25693,2
25719,2
25744,2
25760,2
25763,2
25773,2
25797,2
25822,2
25871,2
25907,2
25909,2
25914,2
25935,2
25937,2
25952,2
25997,2
26015,2
26025,2
26049,2
26059,2
26103,2
26116,2
26132,2
26134,2
26196,2
26210,2
26240,2
26247,2
26248,2
26280,2
26290,2
26294,2
26304,2
26323,2
26332,2
26335,2
26347,2
26388,2
26389,2
26427,2
26450,2
26486,2
26487,2
26493,2
26513,2
26521,2
26546,2
26617,2
26619,2
26630,2
26680,2
26692,2
26732,2
26738,2
26739,2
26750,2
26767,2
26770,2
26786,2
26869,2
26870,2
26877,2
26884,2
26887,2
26903,2
26904,2
26926,2
26941,2
26958,2
26963,2
26980,2
26989,2
26991,2
26997,2
27021,2
27060,2
27082,2
27126,2
27129,2
27146,2
27153,2
27160,2
27186,2
27205,2
27209,2
27254,2
27270,2
27288,2
27317,2
27324,2
27331,2
27355,2
27374,2
27400,2
27411,2
27418,2
27439,2
27461,2
27488,2
27493,2
27559,2
27576,2
27580,2
27585,2
27597,2
27599,2
27617,2
27624,2
27625,2
27689,2
27695,2
27709,2
27773,2
27774,2
27784,2
27794,2
27804,2
27853,2
27926,2
27975,2
27977,2
27988,2
27990,2
28031,2
28032,2
28037,2
28044,2
28056,2
28092,2
28111,2
28126,2
28156,2
28266,2
28267,2
28358,2
28391,2
28393,2
28438,2
28449,2
28477,2
28478,2
28487,2
28500,2
28523,2
28571,2
28650,2
28653,2
28654,2
28675,2
28723,2
28749,2
28757,2
28759,2
28773,2
28786,2
28799,2
28805,2
28834,2
28848,2
28889,2
28913,2
28919,2
28966,2
28986,2
28993,2
29017,2
29019,2
29051,2
29058,2
29072,2
29115,2
29126,2
29129,2
29170,2
29235,2
29284,2
29288,2
29322,2
29327,2
29400,2
29411,2
29412,2
29444,2
29495,2
29511,2
29520,2
29541,2
29551,2
29555,2
29568,2
29581,2
29596,2
29610,2
29611,2
29642,2
29694,2
29699,2
29711,2
29745,2
29769,2
29786,2
29839,2
29864,2
29886,2
29896,2
29897,2
29935,2
29942,2
29952,2
30002,2
30009,2
30039,2
30065,2
30069,2
30075,2
30080,2
30081,2
30130,2
30131,2
30181,2
30198,2
30203,2
30290,2
30305,2
30328,2
30329,2
30349,2
30388,2
30438,2
30466,2
30478,2
30483,2
30490,2
30539,2
30557,2
30559,2
30581,2
30609,2
30619,2
30620,2
30627,2
30662,2
30674,2
30699,2
30714,2
30775,2
30782,2
30809,2
30834,2
30839,2
30844,2
30906,2
30938,2
30943,2
30955,2
30967,2
30989,2
31026,2
31066,2
31071,2
31092,2
31105,2
31144,2
31186,2
31222,2
31238,2
31273,2
31282,2
31300,2
31319,2
31339,2
31342,2
31386,2
31440,2
31465,2
31491,2
31501,2
31512,2
31513,2
31526,2
31531,2
31563,2
31573,2
31576,2
31592,2
31610,2
31617,2
31622,2
31630,2
31643,2
31668,2
31695,2
31698,2
31702,2
31756,2
31793,2
31896,2
31906,2
31922,2
31930,2
31938,2
31951,2
31956,2
31965,2
31972,2
31990,2
32011,2
32019,2
32021,2
32032,2
32038,2
32056,2
32070,2
32084,2
32106,2
32119,2
32134,2
32140,2
32197,2
32240,2
32269,2
32293,2
32299,2
32300,2
32306,2
32319,2
32359,2
32373,2
32394,2
32405,2
32417,2
32440,2
32454,2
32479,2
32509,2
32533,2
32542,2
32553,2
32560,2
32562,2
32567,2
32617,2
32633,2
32655,2
32662,2
32682,2
32693,2
32706,2
32742,2
32749,2
32800,2
32815,2
32828,2
32857,2
32859,2
32864,2
32869,2
32879,2
32891,2
32892,2
32898,2
32940,2
32942,2
32945,2
32947,2
32952,2
32953,2
32968,2
32973,2
33070,2
33096,2
33105,2
33170,2
33201,2
33206,2
33226,2
33237,2
33268,2
33287,2
33332,2
33349,2
33360,2
33384,2
33434,2
33441,2
33442,2
33445,2
33477,2
33534,2
33542,2
33585,2
33609,2
33624,2
33638,2
33654,2
33657,2
33660,2
33692,2
33732,2
33733,2
33826,2
33833,2
33834,2
33838,2
33843,2
33847,2
33854,2
33888,2
33890,2
33894,2
33921,2
33943,2
33945,2
33957,2
33981,2
33994,2
34023,2
34030,2
34050,2
34053,2
34064,2
34076,2
34114,2
34119,2
34137,2
34139,2
34153,2
34174,2
34244,2
34262,2
34267,2
34292,2
34342,2
34346,2
34358,2
34381,2
34431,2
34442,2
34453,2
34465,2
34472,2
34525,2
34563,2
34565,2
34567,2
34591,2
34596,2
34606,2
34616,2
34650,2
34674,2
34694,2
34736,2
34755,2
34770,2
34781,2
34800,2
34819,2
34826,2
34843,2
34873,2
34875,2
34916,2
34923,2
34947,2
34969,2
34998,2
35010,2
35027,2
35065,2
35066,2
35073,2
35074,2
35077,2
35086,2
35088,2
35114,2
35122,2
35126,2
35220,2
35223,2
35277,2
35282,2
35302,2
35344,2
35356,2
35396,2
35401,2
35445,2
35456,2
35480,2
35483,2
35504,2
35513,2
35519,2
35529,2
35530,2
35533,2
35604,2
35614,2
35642,2
35649,2
35655,2
35665,2
35670,2
35675,2
35710,2
35712,2
35719,2
35722,2
35730,2
35731,2
35743,2
35769,2
35778,2
35784,2
35821,2
35849,2
35882,2
35892,2
35914,2
35936,2
35989,2
35993,2
36020,2
36033,2
36038,2
36044,2
36070,2
36088,2
36094,2
36095,2
36116,2
36180,2
36189,2
36200,2
36217,2
36218,2
36270,2
36333,2
36376,2
36400,2
36409,2
36433,2
36476,2
36483,2
36486,2
36496,2
36557,2
36559,2
36598,2
36621,2
36639,2
36684,2
36685,2
36731,2
36748,2
36755,2
36841,2
36847,2
36864,2
36869,2
36892,2
36920,2
36945,2
36954,2
36972,2
36975,2
36981,2
36992,2
37002,2
37011,2
37020,2
37022,2
37027,2
37063,2
37103,2
37137,2
37140,2
37165,2
37188,2
37206,2
37214,2
37226,2
37240,2
37251,2
37260,2
37291,2
37328,2
37372,2
37388,2
37407,2
37413,2
37421,2
37456,2
37467,2
37487,2
37509,2
37528,2
37533,2
37534,2
37537,2
37542,2
37552,2
37559,2
37594,2
37600,2
37604,2
37618,2
37634,2
37673,2
37692,2
37721,2
37804,2
37814,2
37818,2
37822,2
37825,2
37828,2
37908,2
37934,2
37939,2
37968,2
37993,2
38003,2
38030,2
38046,2
38080,2
38127,2
38165,2
38168,2
38186,2
38207,2
38244,2
38251,2
38269,2
38288,2
38294,2
38321,2
38334,2
38352,2
38356,2
38376,2
38382,2
38397,2
38436,2
38440,2
38468,2
38484,2
38509,2
38517,2
38551,2
38567,2
38571,2
38616,2
38639,2
38653,2
38660,2
38704,2
38715,2
38716,2
38747,2
38753,2
38812,2
38818,2
38833,2
38838,2
38849,2
38850,2
38859,2
38890,2
38893,2
38895,2
38921,2
38938,2
38955,2
38985,2
38993,2
38999,2
39016,2
39078,2
39105,2
39120,2
39154,2
39166,2
39204,2
39205,2
39245,2
39260,2
39262,2
39263,2
39286,2
39303,2
39308,2
39315,2
39318,2
39339,2
39373,2
39398,2
39421,2
39430,2
39442,2
39458,2
39479,2
39480,2
39488,2
39505,2
39507,2
39572,2
39616,2
39632,2
39646,2
39683,2
39711,2
39728,2
39815,2
39836,2
39855,2
39863,2
39905,2
39957,2
39960,2
39998,2
40003,2
40030,2
40045,2
40068,2
40127,2
40131,2
40157,2
40160,2
40167,2
40169,2
40176,2
40212,2
40218,2
40246,2
40253,2
40263,2
40304,2
40309,2
40321,2
40356,2
40366,2
40412,2
40416,2
40427,2
40520,2
40522,2
40560,2
40593,2
40623,2
40625,2
40627,2
40628,2
40645,2
40646,2
40657,2
40670,2
40672,2
40678,2
40713,2
40746,2
40750,2
40752,2
40774,2
40775,2
40790,2
40808,2
40844,2
40854,2
40874,2
40887,2
40915,2
40929,2
40972,2
40973,2
40979,2
40981,2
40988,2
40997,2
41041,2
41065,2
41147,2
41157,2
41159,2
41178,2
41190,2
41254,2
41289,2
41298,2
41354,2
41364,2
41378,2
41388,2
41393,2
41414,2
41419,2
41420,2
41447,2
41512,2
41517,2
41543,2
41558,2
41592,2
41601,2
41611,2
41640,2
41651,2
41656,2
41658,2
41719,2
41742,2
41787,2
41818,2
41819,2
41821,2
41827,2
41831,2
41834,2
41857,2
41859,2
41874,2
41887,2
41928,2
41943,2
41944,2
41947,2
41970,2
41973,2
41975,2
41983,2
41994,2
42005,2
42064,2
42078,2
42126,2
42166,2
42168,2
42199,2
42200,2
42231,2
42238,2
42274,2
42276,2
42279,2
42323,2
42324,2
42338,2
42343,2
42384,2
42398,2
42402,2
42429,2
42440,2
42445,2
42453,2
42472,2
42479,2
42500,2
42514,2
42527,2
42553,2
42596,2
42638,2
42642,2
42644,2
42649,2
42656,2
42663,2
42674,2
42678,2
42716,2
42729,2
42756,2
42768,2
42821,2
42860,2
42884,2
42962,2
42995,2
43000,2
43012,2
43026,2
43039,2
43044,2
43058,2
43075,2
43088,2
43100,2
43107,2
43145,2
43175,2
43192,2
43199,2
43210,2
43218,2
43219,2
43247,2
43253,2
43260,2
43292,2
43299,2
43344,2
43348,2
43374,2
43395,2
43455,2
43477,2
43490,2
43491,2
43493,2
43526,2
43531,2
43536,2
43585,2
43635,2
43651,2
43661,2
43674,2
43676,2
43688,2
43690,2
43711,2
43744,2
43747,2
43764,2
43787,2
43807,2
43813,2
43909,2
43911,2
43939,2
43963,2
44104,2
44105,2
44152,2
44180,2
44187,2
44216,2
44239,2
44273,2
44283,2
44291,2
44294,2
44298,2
44300,2
44315,2
44334,2
44414,2
44468,2
44491,2
44570,2
44571,2
44578,2
44584,2
44597,2
44604,2
44606,2
44627,2
44637,2
44660,2
44670,2
44683,2
44686,2
44738,2
44744,2
44807,2
44841,2
44843,2
44887,2
44922,2
44931,2
45001,2
45003,2
45012,2
45051,2
45076,2
45086,2
45109,2
45115,2
45118,2
45201,2
45213,2
45216,2
45225,2
45255,2
45328,2
45342,2
45368,2
45401,2
45432,2
45440,2
45456,2
45466,2
45471,2
45490,2
45532,2
45541,2
45568,2
45644,2
45677,2
45681,2
45698,2
45701,2
45702,2
45708,2
45740,2
45757,2
45791,2
45814,2
45816,2
45821,2
45846,2
45857,2
45862,2
45967,2
45973,2
45982,2
45983,2
46000,2
46001,2
46015,2
46028,2
46032,2
46050,2
46053,2
46069,2
46074,2
46080,2
46116,2
46176,2
46181,2
46182,2
46206,2
46259,2
46287,2
46318,2
46329,2
46341,2
46363,2
46404,2
46406,2
46411,2
46424,2
46427,2
46504,2
46548,2
46571,2
46578,2
46589,2
46601,2
46608,2
46653,2
46663,2
46687,2
46693,2
46737,2
46745,2
46780,2
46783,2
46820,2
46872,2
46889,2
46912,2
46915,2
46984,2
47073,2
47094,2
47148,2
47149,2
47155,2
47169,2
47180,2
47244,2
47336,2
47337,2
47340,2
47349,2
47364,2
47374,2
47394,2
47397,2
47416,2
47434,2
47451,2
47471,2
47474,2
47483,2
47503,2
47512,2
47522,2
47536,2
47537,2
47542,2
47554,2
47568,2
47610,2
47620,2
47648,2
47661,2
47666,2
47682,2
47735,2
47738,2
47739,2
47753,2
47775,2
47778,2
47797,2
47806,2
47824,2
47825,2
47861,2
47870,2
47877,2
47902,2
47941,2
47961,2
48036,2
48043,2
48094,2
48104,2
48165,2
48182,2
48189,2
48198,2
48205,2
48286,2
48287,2
48310,2
48341,2
48365,2
48385,2
48386,2
48389,2
48447,2
48476,2
48537,2
48585,2
48636,2
48649,2
48663,2
48666,2
48669,2
48700,2
48713,2
48726,2
48732,2
48758,2
48789,2
48790,2
48824,2
48849,2
48865,2
48889,2
48914,2
48919,2
48926,2
48927,2
48957,2
48990,2
49014,2
49045,2
49062,2
49083,2
49090,2
49098,2
49149,2
49165,2
49175,2
49180,2
49199,2
49213,2
49225,2
49312,2
49324,2
49327,2
49346,2
49368,2
49393,2
49403,2
49420,2
49489,2
49520,2
49539,2
49560,2
49566,2
49600,2
49625,2
49664,2
49686,2
49703,2
49705,2
49709,2
49723,2
49745,2
49777,2
49786,2
49797,2
49805,2
49814,2
49890,2
49930,2
49932,2
49941,2
49948,2
49954,2
49959,2
49968,2
49986,2
49991,2
49998,2
158,1
165,1
187,1
209,1
226,1
229,1
239,1
297,1
311,1
347,1
376,1
409,1
412,1
421,1
426,1
431,1
436,1
465,1
488,1
528,1
538,1
576,1
579,1
601,1
656,1
688,1
726,1
731,1
733,1
738,1
754,1
755,1
765,1
775,1
790,1
814,1
819,1
827,1
859,1
865,1
881,1
885,1
897,1
938,1
939,1
952,1
957,1
962,1
968,1
1009,1
1020,1
1024,1
1056,1
1057,1
1073,1
1076,1
1124,1
1148,1
1154,1
1155,1
1169,1
1170,1
1195,1
1204,1
1205,1
1210,1
1212,1
1216,1
1217,1
1235,1
1240,1
1248,1
1302,1
1325,1
1342,1
1355,1
1409,1
1434,1
1435,1
1438,1
1442,1
1458,1
1469,1
1472,1
1495,1
1509,1
1582,1
1608,1
1639,1
1655,1
1663,1
1679,1
1683,1
1685,1
1694,1
1701,1
1729,1
1737,1
1749,1
1757,1
1780,1
1808,1
1819,1
1884,1
1922,1
1926,1
1935,1
1955,1
1966,1
1978,1
2000,1
2032,1
2063,1
2071,1
2078,1
2081,1
2107,1
2110,1
2112,1
2124,1
2126,1
2150,1
2152,1
2153,1
2169,1
2176,1
2189,1
2206,1
2217,1
2225,1
2243,1
2297,1
2321,1
2335,1
2346,1
2351,1
2352,1
2360,1
2363,1
2369,1
2384,1
2411,1
2421,1
2424,1
2437,1
2438,1
2444,1
2458,1
2466,1
2495,1
2497,1
2520,1
2526,1
2530,1
2534,1
2541,1
2546,1
2571,1
2572,1
2575,1
2585,1
2586,1
2603,1
2612,1
2618,1
2629,1
2663,1
2708,1
2741,1
2746,1
2761,1
2812,1
2828,1
2840,1
2847,1
2857,1
2877,1
2886,1
2892,1
2893,1
2902,1
2927,1
2933,1
2934,1
2935,1
2938,1
3010,1
3012,1
3019,1
3041,1
3046,1
3047,1
3051,1
3109,1
3132,1
3138,1
3184,1
3185,1
3196,1
3229,1
3232,1
3233,1
3234,1
3242,1
3270,1
3273,1
3274,1
3293,1
3323,1
3348,1
3357,1
3410,1
3411,1
3415,1
3418,1
3420,1
3447,1
3456,1
3503,1
3505,1
3518,1
3530,1
3550,1
3555,1
3587,1
3589,1
3594,1
3636,1
3648,1
3660,1
3684,1
3706,1
3731,1
3732,1
3735,1
3743,1
3758,1
3777,1
3779,1
3786,1
3790,1
3792,1
3806,1
3809,1
3830,1
3835,1
3846,1
3895,1
3908,1
3911,1
3944,1
3948,1
3954,1
3992,1
4006,1
4013,1
4025,1
4051,1
4060,1
4071,1
4077,1
4078,1
4080,1
4084,1
4114,1
4120,1
4128,1
4133,1
4147,1
4148,1
4187,1
4192,1
4203,1
4216,1
4217,1
4238,1
4292,1
4315,1
4327,1
4357,1
4376,1
4390,1
4423,1
4448,1
4451,1
4481,1
4527,1
4559,1
4588,1
4591,1
4601,1
4643,1
4676,1
4701,1
4708,1
4712,1
4733,1
4757,1
4771,1
4772,1
4804,1
4814,1
4825,1
4832,1
4849,1
4864,1
4885,1
4889,1
4893,1
4935,1
4939,1
4942,1
4944,1
4947,1
4974,1
4978,1
4982,1
4985,1
5014,1
5022,1
5029,1
5078,1
5100,1
5108,1
5131,1
5143,1
5190,1
5191,1
5203,1
5231,1
5253,1
5270,1
5284,1
5302,1
5312,1
5332,1
5333,1
5347,1
5348,1
5351,1
5360,1
5368,1
5379,1
5395,1
5416,1
5418,1
5447,1
5450,1
5458,1
5463,1
5472,1
5498,1
5505,1
5527,1
5543,1
5551,1
5583,1
5605,1
5611,1
5625,1
5637,1
5657,1
5660,1
5662,1
5665,1
5670,1
5676,1
5677,1
5683,1
5685,1
5716,1
5723,1
5731,1
5747,1
5755,1
5770,1
5782,1
5784,1
5797,1
5828,1
5831,1
5848,1
5857,1
5889,1
5918,1
5925,1
5926,1
6028,1
6052,1
6053,1
6079,1
6123,1
6148,1
6170,1
6181,1
6202,1
6210,1
6250,1
6257,1
6258,1
6309,1
6317,1
6320,1
6322,1
6329,1
6335,1
6348,1
6365,1
6367,1
6369,1
6372,1
6391,1
6397,1
6402,1
6434,1
6467,1
6472,1
6541,1
6542,1
6553,1
6567,1
6587,1
6600,1
6627,1
6638,1
6650,1
6673,1
6687,1
6689,1
6702,1
6704,1
6766,1
6769,1
6770,1
6800,1
6804,1
6813,1
6816,1
6851,1
6858,1
6878,1
6880,1
6886,1
6890,1
6902,1
6905,1
6911,1
6972,1
6986,1
7004,1
7006,1
7018,1
7027,1
7036,1
7049,1
7062,1
7063,1
7077,1
7090,1
7122,1
7131,1
7138,1
7153,1
7154,1
7158,1
7174,1
7182,1
7189,1
7194,1
7213,1
7236,1
7238,1
7270,1
7286,1
7294,1
7298,1
7317,1
7346,1
7349,1
7367,1
7389,1
7419,1
7426,1
7434,1
7442,1
7453,1
7477,1
7502,1
7512,1
7513,1
7514,1
7567,1
7572,1
7579,1
7622,1
7648,1
7649,1
7702,1
7704,1
7705,1
7720,1
7756,1
7770,1
7778,1
7804,1
7808,1
7812,1
7841,1
7852,1
7864,1
7876,1
7886,1
7904,1
7942,1
7944,1
7945,1
7964,1
7974,1
7997,1
8010,1
8018,1
8048,1
8108,1
8119,1
8132,1
8137,1
8149,1
8204,1
8212,1
8289,1
8293,1
8295,1
8336,1
8337,1
8338,1
8352,1
8358,1
8408,1
8413,1
8421,1
8424,1
8427,1
8455,1
8464,1
8472,1
8510,1
8516,1
8542,1
8545,1
8551,1
8578,1
8588,1
8594,1
8603,1
8604,1
8613,1
8621,1
8622,1
8629,1
8638,1
8639,1
8758,1
8786,1
8812,1
8841,1
8871,1
8872,1
8874,1
8876,1
8878,1
8898,1
8905,1
8922,1
8943,1
8948,1
8970,1
8987,1
8993,1
8999,1
9005,1
9008,1
9012,1
9049,1
9054,1
9061,1
9071,1
9077,1
9101,1
9117,1
9123,1
9138,1
9140,1
9146,1
9151,1
9177,1
9195,1
9215,1
9222,1
9230,1
9256,1
9264,1
9268,1
9273,1
9276,1
9299,1
9301,1
9303,1
9312,1
9319,1
9328,1
9361,1
9371,1
9373,1
9390,1
9406,1
9418,1
9426,1
9443,1
9459,1
9467,1
9488,1
9505,1
9556,1
9569,1
9585,1
9587,1
9593,1
9604,1
9611,1
9612,1
9622,1
9626,1
9645,1
9646,1
9659,1
9666,1
9675,1
9714,1
9719,1
9776,1
9811,1
9842,1
9852,1
9859,1
9864,1
9867,1
9874,1
9880,1
9883,1
9884,1
9906,1
9916,1
9922,1
9928,1
9958,1
9968,1
9983,1
9986,1
9998,1
10021,1
10037,1
10051,1
10052,1
10065,1
10070,1
10140,1
10142,1
10152,1
10157,1
10163,1
10186,1
10197,1
10221,1
10223,1
10224,1
10227,1
10245,1
10262,1
10266,1
10279,1
10287,1
10297,1
10304,1
10307,1
10328,1
10335,1
10339,1
10347,1
10360,1
10369,1
10371,1
10398,1
10412,1
10448,1
10459,1
10462,1
10468,1
10494,1
10497,1
10515,1
10536,1
10546,1
10553,1
10563,1
10573,1
10577,1
10579,1
10596,1
10601,1
10607,1
10672,1
10707,1
10716,1
10734,1
10745,1
10807,1
10809,1
10822,1
10824,1
10837,1
10855,1
10858,1
10861,1
10878,1
10880,1
10887,1
10899,1
10908,1
10910,1
10971,1
10985,1
10990,1
11003,1
11004,1
11024,1
11032,1
11043,1
11044,1
11047,1
11056,1
11081,1
11083,1
11092,1
11111,1
11122,1
11145,1
11157,1
11167,1
11180,1
11201,1
11214,1
11242,1
11273,1
11282,1
11289,1
11291,1
11300,1
11328,1
11333,1
11376,1
11392,1
11410,1
11424,1
11452,1
11489,1
11494,1
11507,1
11508,1
11511,1
11512,1
11518,1
11553,1
11562,1
11582,1
11596,1
11630,1
11631,1
11636,1
11656,1
11674,1
11689,1
11693,1
11715,1
11764,1
11769,1
11772,1
11784,1
11796,1
11798,1
11824,1
11826,1
11847,1
11854,1
11861,1
11870,1
11874,1
11902,1
11933,1
11940,1
11978,1
11981,1
12018,1
12021,1
12028,1
12062,1
12065,1
12066,1
12077,1
12088,1
12118,1
12181,1
12199,1
12210,1
12228,1
12239,1
12326,1
12328,1
12342,1
12343,1
12352,1
12357,1
12377,1
12378,1
12381,1
12382,1
12386,1
12404,1
12420,1
12427,1
12439,1
12457,1
12476,1
12482,1
12485,1
12486,1
12511,1
12551,1
12552,1
12556,1
12558,1
12596,1
12614,1
12668,1
12673,1
12675,1
12697,1
12716,1
12719,1
12729,1
12746,1
12759,1
12761,1
12766,1
12768,1
12777,1
12783,1
12790,1
12841,1
12845,1
12846,1
12914,1
12917,1
12919,1
12955,1
13012,1
13053,1
13057,1
13069,1
13075,1
13092,1
13098,1
13114,1
13134,1
13142,1
13143,1
13149,1
13159,1
13244,1
13249,1
13251,1
13257,1
13270,1
13317,1
13328,1
13339,1
13366,1
13381,1
13393,1
13398,1
13434,1
13442,1
13465,1
13471,1
13501,1
13525,1
13530,1
13535,1
13549,1
13554,1
13562,1
13565,1
13566,1
13570,1
13582,1
13597,1
13598,1
13624,1
13632,1
13638,1
13650,1
13678,1
13733,1
13743,1
13751,1
13770,1
13786,1
13790,1
13811,1
13819,1
13838,1
13856,1
13874,1
13879,1
13881,1
13905,1
13912,1
13932,1
13934,1
13964,1
13973,1
13991,1
14000,1
14003,1
14014,1
14041,1
14056,1
14068,1
14120,1
14127,1
14142,1
14145,1
14147,1
14155,1
14171,1
14185,1
14261,1
14267,1
14272,1
14292,1
14307,1
14326,1
14350,1
14389,1
14393,1
14397,1
14416,1
14420,1
14421,1
14437,1
14472,1
14483,1
14494,1
14514,1
14529,1
14535,1
14540,1
14546,1
14549,1
14573,1
14581,1
14584,1
14586,1
14602,1
14605,1
14647,1
14657,1
14659,1
14680,1
14687,1
14698,1
14707,1
14714,1
14747,1
14752,1
14753,1
14763,1
14770,1
14775,1
14783,1
14847,1
14850,1
14883,1
14887,1
14894,1
14910,1
14917,1
14919,1
14923,1
14932,1
14944,1
14955,1
15005,1
15016,1
15039,1
15041,1
15071,1
15083,1
15127,1
15129,1
15152,1
15203,1
15226,1
15246,1
15249,1
15254,1
15256,1
15298,1
15309,1
15340,1
15349,1
15351,1
15358,1
15371,1
15442,1
15470,1
15490,1
15499,1
15502,1
15513,1
15523,1
15526,1
15557,1
15561,1
15571,1
15573,1
15585,1
15597,1
15603,1
15604,1
15623,1
15681,1
15716,1
15721,1
15731,1
15736,1
15741,1
15759,1
15771,1
15783,1
15791,1
15817,1
15824,1
15861,1
15887,1
15888,1
15901,1
15902,1
15910,1
15913,1
15922,1
15926,1
15927,1
15931,1
15943,1
15959,1
15962,1
16025,1
16064,1
16089,1
16093,1
16101,1
16106,1
16119,1
16123,1
16146,1
16152,1
16162,1
16163,1
16168,1
16197,1
16209,1
16241,1
16242,1
16244,1
16289,1
16300,1
16324,1
16328,1
16329,1
16331,1
16376,1
16387,1
16399,1
16407,1
16428,1
16432,1
16459,1
16478,1
16505,1
16508,1
16515,1
16526,1
16539,1
16547,1
16561,1
16570,1
16588,1
16590,1
16631,1
16660,1
16686,1
16695,1
16707,1
16714,1
16740,1
16750,1
16768,1
16778,1
16796,1
16813,1
16823,1
16832,1
16833,1
16840,1
16846,1
16904,1
16923,1
16955,1
16971,1
16976,1
16977,1
17015,1
17038,1
17060,1
17075,1
17086,1
17111,1
17131,1
17153,1
17185,1
17210,1
17233,1
17240,1
17272,1
17282,1
17292,1
17296,1
17297,1
17311,1
17315,1
17333,1
17348,1
17351,1
17369,1
17421,1
17434,1
17461,1
17485,1
17520,1
17571,1
17586,1
17599,1
17605,1
17631,1
17646,1
17657,1
17661,1
17674,1
17718,1
17737,1
17741,1
17746,1
17779,1
17791,1
17815,1
17823,1
17871,1
17889,1
17903,1
17906,1
17957,1
17961,1
17980,1
17990,1
17991,1
17995,1
18000,1
18007,1
18029,1
18067,1
18103,1
18105,1
18131,1
18138,1
18148,1
18171,1
18202,1
18225,1
18232,1
18237,1
18251,1
18252,1
18253,1
18264,1
18272,1
18281,1
18284,1
18290,1
18297,1
18313,1
18320,1
18353,1
18397,1
18466,1
18491,1
18493,1
18499,1
18505,1
18514,1
18518,1
18526,1
18531,1
18535,1
18565,1
18583,1
18613,1
18623,1
18643,1
18692,1
18697,1
18699,1
18705,1
18712,1
18713,1
18719,1
18738,1
18750,1
18753,1
18756,1
18757,1
18759,1
18768,1
18782,1
18806,1
18829,1
18830,1
18833,1
18839,1
18841,1
18843,1
18870,1
18876,1
18880,1
18886,1
18888,1
18907,1
18939,1
18965,1
19001,1
19011,1
19021,1
19071,1
19072,1
19075,1
19112,1
19126,1
19147,1
19154,1
19167,1
19173,1
19175,1
19188,1
19189,1
19207,1
19210,1
19233,1
19255,1
19263,1
19264,1
19269,1
19301,1
19308,1
19317,1
19362,1
19385,1
19390,1
19403,1
19410,1
19436,1
19438,1
19484,1
19491,1
19505,1
19521,1
19553,1
19588,1
19590,1
19635,1
19654,1
19671,1
19675,1
19708,1
19724,1
19725,1
19778,1
19780,1
19781,1
19803,1
19808,1
19810,1
19818,1
19835,1
19841,1
19867,1
19883,1
19906,1
19922,1
19931,1
19945,1
19946,1
19951,1
19961,1
20030,1
20032,1
20033,1
20036,1
20037,1
20038,1
20047,1
20049,1
20081,1
20130,1
20138,1
20149,1
20159,1
20172,1
20173,1
20213,1
20214,1
20222,1
20231,1
20245,1
20252,1
20261,1
20292,1
20327,1
20333,1
20359,1
20365,1
20421,1
20427,1
20438,1
20447,1
20448,1
20455,1
20462,1
20466,1
20468,1
20473,1
20483,1
20486,1
20490,1
20515,1
20519,1
20537,1
20545,1
20586,1
20624,1
20649,1
20667,1
20696,1
20701,1
20712,1
20714,1
20728,1
20732,1
20746,1
20756,1
20789,1
20799,1
20800,1
20823,1
20835,1
20842,1
20851,1
20865,1
20888,1
20894,1
20898,1
20921,1
20943,1
20967,1
20984,1
20997,1
21017,1
21019,1
21030,1
21064,1
21071,1
21078,1
21086,1
21103,1
21114,1
21128,1
21140,1
21161,1
21172,1
21197,1
21212,1
21213,1
21225,1
21226,1
21228,1
21242,1
21255,1
21256,1
21270,1
21277,1
21318,1
21319,1
21321,1
21323,1
21387,1
21390,1
21408,1
21414,1
21448,1
21454,1
21466,1
21482,1
21488,1
21490,1
21492,1
21497,1
21503,1
21505,1
21510,1
21517,1
21523,1
21531,1
21570,1
21580,1
21584,1
21610,1
21613,1
21635,1
21649,1
21706,1
21711,1
21735,1
21753,1
21755,1
21766,1
21770,1
21781,1
21810,1
21852,1
21855,1
21856,1
21863,1
21880,1
21884,1
21900,1
21929,1
21936,1
21976,1
21991,1
22001,1
22024,1
22029,1
22030,1
22035,1
22036,1
22039,1
22043,1
22047,1
22050,1
22069,1
22093,1
22121,1
22126,1
22136,1
22147,1
22159,1
22165,1
22166,1
22174,1
22182,1
22184,1
22187,1
22192,1
22206,1
22221,1
22228,1
22262,1
22286,1
22329,1
22332,1
22355,1
22364,1
22371,1
22372,1
22375,1
22385,1
22407,1
22449,1
22457,1
22464,1
22484,1
22494,1
22561,1
22613,1
22615,1
22630,1
22640,1
22663,1
22665,1
22673,1
22681,1
22693,1
22711,1
22725,1
22727,1
22748,1
22771,1
22783,1
22784,1
22804,1
22821,1
22830,1
22873,1
22894,1
22925,1
22969,1
22985,1
22996,1
23001,1
23003,1
23011,1
23012,1
23022,1
23023,1
23045,1
23056,1
23072,1
23078,1
23080,1
23088,1
23101,1
23112,1
23124,1
23125,1
23132,1
23137,1
23147,1
23152,1
23155,1
23161,1
23163,1
23203,1
23257,1
23267,1
23282,1
23297,1
23325,1
23334,1
23339,1
23392,1
23395,1
23411,1
23421,1
23423,1
23426,1
23443,1
23450,1
23455,1
23477,1
23489,1
23491,1
23504,1
23521,1
23523,1
23524,1
23550,1
23559,1
23592,1
23596,1
23603,1
23613,1
23618,1
23627,1
23632,1
23650,1
23659,1
23664,1
23678,1
23681,1
23692,1
23697,1
23707,1
23729,1
23743,1
23744,1
23801,1
23815,1
23822,1
23829,1
23854,1
23860,1
23868,1
23875,1
23883,1
23898,1
23905,1
23910,1
23966,1
23969,1
23971,1
23979,1
23984,1
24000,1
24003,1
24004,1
24016,1
24018,1
24022,1
24029,1
24038,1
24041,1
24076,1
24081,1
24083,1
24099,1
24109,1
24117,1
24119,1
24134,1
24150,1
24159,1
24188,1
24209,1
24222,1
24238,1
24257,1
24259,1
24280,1
24289,1
24309,1
24318,1
24323,1
24328,1
24334,1
24337,1
24342,1
24351,1
24352,1
24367,1
24395,1
24399,1
24422,1
24423,1
24425,1
24434,1
24442,1
24452,1
24467,1
24474,1
24504,1
24517,1
24546,1
24549,1
24573,1
24587,1
24595,1
24617,1
24651,1
24662,1
24687,1
24690,1
24709,1
24742,1
24753,1
24754,1
24780,1
24839,1
24871,1
24887,1
24892,1
24903,1
24914,1
24956,1
24957,1
24962,1
24979,1
24994,1
25010,1
25013,1
25022,1
25028,1
25036,1
25057,1
25059,1
25068,1
25069,1
25077,1
25096,1
25158,1
25168,1
25172,1
25185,1
25188,1
25227,1
25233,1
25252,1
25278,1
25288,1
25292,1
25360,1
25364,1
25372,1
25445,1
25453,1
25465,1
25466,1
25479,1
25489,1
25502,1
25529,1
25536,1
25594,1
25632,1
25692,1
25702,1
25731,1
25761,1
25771,1
25777,1
25788,1
25791,1
25804,1
25836,1
25837,1
25854,1
25868,1
25875,1
25883,1
25888,1
25903,1
25915,1
25938,1
25949,1
25957,1
25958,1
25999,1
26003,1
26006,1
26028,1
26030,1
26045,1
26051,1
26082,1
26084,1
26089,1
26107,1
26114,1
26127,1
26128,1
26137,1
26145,1
26156,1
26167,1
26187,1
26234,1
26250,1
26252,1
26254,1
26266,1
26283,1
26297,1
26301,1
26312,1
26315,1
26316,1
26319,1
26358,1
26361,1
26367,1
26379,1
26383,1
26400,1
26421,1
26425,1
26441,1
26480,1
26484,1
26544,1
26545,1
26556,1
26572,1
26579,1
26598,1
26599,1
26600,1
26605,1
26640,1
26669,1
26709,1
26740,1
26754,1
26755,1
26791,1
26804,1
26805,1
26807,1
26819,1
26821,1
26824,1
26830,1
26842,1
26845,1
26872,1
26880,1
26881,1
26897,1
26916,1
26918,1
26935,1
26937,1
26978,1
27007,1
27013,1
27020,1
27022,1
27045,1
27048,1
27057,1
27065,1
27093,1
27097,1
27105,1
27115,1
27147,1
27151,1
27177,1
27192,1
27218,1
27235,1
27263,1
27275,1
27276,1
27285,1
27306,1
27314,1
27323,1
27325,1
27334,1
27350,1
27364,1
27370,1
27379,1
27380,1
27382,1
27390,1
27415,1
27419,1
27432,1
27492,1
27495,1
27507,1
27519,1
27525,1
27534,1
27553,1
27575,1
27607,1
27618,1
27622,1
27634,1
27643,1
27653,1
27665,1
27682,1
27704,1
27729,1
27743,1
27759,1
27803,1
27827,1
27831,1
27836,1
27877,1
27916,1
27922,1
27932,1
27958,1
27971,1
27981,1
28006,1
28015,1
28030,1
28070,1
28079,1
28085,1
28099,1
28118,1
28130,1
28157,1
28158,1
28201,1
28216,1
28218,1
28222,1
28245,1
28309,1
28314,1
28338,1
28352,1
28362,1
28394,1
28428,1
28433,1
28435,1
28439,1
28452,1
28453,1
28464,1
28492,1
28507,1
28515,1
28516,1
28530,1
28538,1
28556,1
28579,1
28591,1
28615,1
28621,1
28625,1
28633,1
28642,1
28649,1
28661,1
28663,1
28684,1
28710,1
28729,1
28774,1
28787,1
28801,1
28809,1
28816,1
28833,1
28844,1
28846,1
28853,1
28857,1
28865,1
28904,1
28912,1
28915,1
28921,1
28922,1
28931,1
29000,1
29006,1
29010,1
29021,1
29068,1
29094,1
29099,1
29101,1
29132,1
29149,1
29156,1
29160,1
29242,1
29245,1
29258,1
29264,1
29265,1
29283,1
29300,1
29301,1
29336,1
29351,1
29375,1
29404,1
29414,1
29452,1
29454,1
29474,1
29522,1
29533,1
29536,1
29538,1
29553,1
29554,1
29559,1
29567,1
29575,1
29578,1
29605,1
29625,1
29626,1
29630,1
29632,1
29636,1
29655,1
29661,1
29737,1
29783,1
29789,1
29804,1
29846,1
29859,1
29865,1
29868,1
29899,1
29948,1
29953,1
29956,1
29963,1
29998,1
30010,1
30026,1
30041,1
30046,1
30064,1
30116,1
30125,1
30167,1
30179,1
30194,1
30211,1
30234,1
30237,1
30255,1
30279,1
30337,1
30338,1
30341,1
30343,1
30363,1
30371,1
30377,1
30383,1
30387,1
30395,1
30416,1
30419,1
30447,1
30448,1
30449,1
30452,1
30459,1
30462,1
30472,1
30484,1
30488,1
30492,1
30504,1
30533,1
30542,1
30561,1
30612,1
30628,1
30657,1
30659,1
30691,1
30706,1
30710,1
30751,1
30753,1
30787,1
30798,1
30810,1
30812,1
30819,1
30821,1
30827,1
30847,1
30851,1
30852,1
30861,1
30866,1
30936,1
30961,1
30966,1
30976,1
30992,1
31014,1
31064,1
31077,1
31125,1
31128,1
31146,1
31162,1
31169,1
31172,1
31189,1
31217,1
31219,1
31266,1
31269,1
31281,1
31299,1
31346,1
31373,1
31377,1
31391,1
31394,1
31404,1
31411,1
31417,1
31426,1
31432,1
31435,1
31453,1
31458,1
31462,1
31483,1
31497,1
31504,1
31514,1
31517,1
31525,1
31533,1
31554,1
31559,1
31562,1
31581,1
31589,1
31597,1
31627,1
31631,1
31640,1
31651,1
31667,1
31681,1
31683,1
31694,1
31710,1
31716,1
31722,1
31729,1
31745,1
31760,1
31763,1
31774,1
31799,1
31825,1
31826,1
31831,1
31835,1
31837,1
31846,1
31854,1
31946,1
31952,1
31955,1
31973,1
31977,1
31984,1
31997,1
32016,1
32018,1
32035,1
32037,1
32048,1
32061,1
32071,1
32078,1
32079,1
32080,1
32109,1
32143,1
32155,1
32164,1
32170,1
32176,1
32214,1
32221,1
32243,1
32274,1
32282,1
32298,1
32374,1
32379,1
32414,1
32425,1
32435,1
32439,1
32457,1
32472,1
32490,1
32494,1
32520,1
32547,1
32549,1
32557,1
32563,1
32570,1
32580,1
32602,1
32611,1
32627,1
32631,1
32637,1
32641,1
32644,1
32648,1
32658,1
32664,1
32686,1
32695,1
32697,1
32709,1
32713,1
32721,1
32734,1
32736,1
32780,1
32781,1
32793,1
32820,1
32825,1
32830,1
32832,1
32837,1
32856,1
32890,1
32904,1
32913,1
32916,1
32923,1
32927,1
32937,1
32943,1
32969,1
32978,1
32993,1
32997,1
33012,1
33014,1
33015,1
33017,1
33024,1
33038,1
33047,1
33053,1
33081,1
33101,1
33102,1
33106,1
33139,1
33219,1
33227,1
33244,1
33248,1
33284,1
33302,1
33304,1
33307,1
33313,1
33335,1
33336,1
33339,1
33351,1
33385,1
33393,1
33395,1
33403,1
33419,1
33425,1
33443,1
33455,1
33488,1
33489,1
33496,1
33510,1
33547,1
33553,1
33558,1
33563,1
33565,1
33574,1
33602,1
33604,1
33621,1
33639,1
33656,1
33668,1
33669,1
33670,1
33681,1
33694,1
33734,1
33738,1
33753,1
33756,1
33786,1
33790,1
33794,1
33802,1
33806,1
33814,1
33816,1
33821,1
33846,1
33859,1
33862,1
33876,1
33884,1
33893,1
33940,1
33949,1
33996,1
34000,1
34002,1
34006,1
34016,1
34017,1
34036,1
34038,1
34054,1
34061,1
34120,1
34131,1
34163,1
34170,1
34172,1
34184,1
34195,1
34196,1
34199,1
34236,1
34247,1
34274,1
34284,1
34288,1
34299,1
34304,1
34315,1
34374,1
34387,1
34389,1
34399,1
34405,1
34410,1
34440,1
34444,1
34473,1
34479,1
34482,1
34485,1
34486,1
34497,1
34498,1
34501,1
34505,1
34511,1
34514,1
34523,1
34537,1
34560,1
34576,1
34577,1
34581,1
34594,1
34601,1
34612,1
34630,1
34637,1
34638,1
34640,1
34662,1
34663,1
34723,1
34735,1
34740,1
34750,1
34760,1
34796,1
34798,1
34854,1
34855,1
34867,1
34878,1
34887,1
34895,1
34899,1
34904,1
34910,1
34921,1
34939,1
34941,1
34956,1
34979,1
35021,1
35040,1
35042,1
35053,1
35059,1
35060,1
35079,1
35081,1
35111,1
35117,1
35125,1
35157,1
35189,1
35193,1
35238,1
35262,1
35276,1
35288,1
35311,1
35317,1
35319,1
35320,1
35327,1
35334,1
35366,1
35369,1
35370,1
35385,1
35395,1
35408,1
35412,1
35414,1
35420,1
35424,1
35436,1
35447,1
35450,1
35468,1
35475,1
35478,1
35491,1
35546,1
35593,1
35612,1
35615,1
35629,1
35635,1
35656,1
35666,1
35679,1
35686,1
35727,1
35739,1
35742,1
35748,1
35749,1
35757,1
35772,1
35792,1
35793,1
35816,1
35824,1
35839,1
35883,1
35900,1
35904,1
35956,1
35973,1
35985,1
35986,1
35991,1
36001,1
36012,1
36056,1
36078,1
36097,1
36100,1
36135,1
36139,1
36159,1
36201,1
36209,1
36223,1
36238,1
36245,1
36256,1
36319,1
36329,1
36330,1
36331,1
36335,1
36336,1
36345,1
36347,1
36350,1
36366,1
36390,1
36410,1
36444,1
36456,1
36457,1
36481,1
36562,1
36575,1
36576,1
36593,1
36595,1
36602,1
36628,1
36667,1
36673,1
36678,1
36683,1
36689,1
36690,1
36704,1
36711,1
36737,1
36772,1
36777,1
36783,1
36789,1
36792,1
36800,1
36834,1
36846,1
36849,1
36856,1
36914,1
36921,1
36926,1
36938,1
36942,1
36951,1
36958,1
36964,1
36974,1
36979,1
37021,1
37037,1
37080,1
37082,1
37125,1
37139,1
37143,1
37227,1
37232,1
37247,1
37254,1
37256,1
37259,1
37281,1
37304,1
37322,1
37326,1
37329,1
37377,1
37389,1
37453,1
37458,1
37471,1
37482,1
37483,1
37488,1
37532,1
37611,1
37612,1
37632,1
37633,1
37641,1
37657,1
37660,1
37668,1
37685,1
37696,1
37722,1
37751,1
37811,1
37856,1
37875,1
37898,1
37912,1
37918,1
37947,1
37952,1
37954,1
37960,1
37967,1
37999,1
38005,1
38009,1
38027,1
38054,1
38066,1
38076,1
38084,1
38151,1
38152,1
38166,1
38170,1
38184,1
38194,1
38203,1
38209,1
38216,1
38221,1
38224,1
38229,1
38237,1
38241,1
38246,1
38267,1
38268,1
38286,1
38295,1
38296,1
38306,1
38333,1
38362,1
38364,1
38367,1
38372,1
38388,1
38402,1
38404,1
38454,1
38455,1
38458,1
38472,1
38504,1
38510,1
38520,1
38527,1
38529,1
38555,1
38618,1
38624,1
38645,1
38646,1
38651,1
38655,1
38663,1
38667,1
38683,1
38685,1
38690,1
38703,1
38707,1
38729,1
38765,1
38771,1
38777,1
38824,1
38827,1
38886,1
38911,1
38918,1
38943,1
38944,1
38957,1
38991,1
38996,1
39005,1
39017,1
39049,1
39061,1
39129,1
39170,1
39209,1
39237,1
39278,1
39288,1
39292,1
39296,1
39305,1
39320,1
39321,1
39343,1
39356,1
39365,1
39376,1
39381,1
39393,1
39428,1
39433,1
39439,1
39446,1
39489,1
39490,1
39495,1
39496,1
39532,1
39538,1
39559,1
39578,1
39625,1
39635,1
39639,1
39640,1
39651,1
39656,1
39661,1
39663,1
39669,1
39676,1
39685,1
39705,1
39718,1
39727,1
39735,1
39751,1
39759,1
39766,1
39787,1
39799,1
39816,1
39821,1
39871,1
39886,1
39893,1
39900,1
39910,1
39913,1
39916,1
39927,1
39929,1
39938,1
39964,1
39989,1
39994,1
40002,1
40014,1
40025,1
40028,1
40034,1
40069,1
40085,1
40140,1
40141,1
40163,1
40168,1
40194,1
40201,1
40225,1
40233,1
40260,1
40277,1
40303,1
40312,1
40333,1
40344,1
40347,1
40359,1
40375,1
40383,1
40384,1
40399,1
40424,1
40431,1
40449,1
40468,1
40479,1
40504,1
40506,1
40534,1
40539,1
40540,1
40545,1
40548,1
40567,1
40592,1
40598,1
40611,1
40649,1
40660,1
40661,1
40696,1
40717,1
40726,1
40771,1
40773,1
40779,1
40786,1
40791,1
40797,1
40799,1
40816,1
40821,1
40849,1
40864,1
40868,1
40870,1
40885,1
40892,1
40916,1
40932,1
40934,1
40943,1
40980,1
40982,1
40983,1
41043,1
41045,1
41048,1
41052,1
41053,1
41080,1
41104,1
41118,1
41120,1
41138,1
41198,1
41231,1
41253,1
41256,1
41260,1
41275,1
41276,1
41291,1
41293,1
41308,1
41320,1
41331,1
41335,1
41339,1
41350,1
41358,1
41368,1
41382,1
41400,1
41404,1
41413,1
41429,1
41446,1
41472,1
41509,1
41530,1
41545,1
41547,1
41600,1
41617,1
41644,1
41701,1
41708,1
41723,1
41740,1
41743,1
41749,1
41760,1
41763,1
41771,1
41812,1
41833,1
41843,1
41871,1
41888,1
41889,1
41896,1
41903,1
41932,1
41938,1
41950,1
41964,1
42002,1
42020,1
42040,1
42060,1
42071,1
42081,1
42105,1
42111,1
42117,1
42143,1
42153,1
42159,1
42170,1
42185,1
42195,1
42205,1
42248,1
42255,1
42259,1
42262,1
42289,1
42296,1
42319,1
42371,1
42386,1
42414,1
42459,1
42515,1
42543,1
42549,1
42551,1
42555,1
42558,1
42589,1
42599,1
42619,1
42631,1
42657,1
42666,1
42686,1
42700,1
42708,1
42724,1
42747,1
42757,1
42766,1
42788,1
42834,1
42844,1
42863,1
42891,1
42895,1
42915,1
42955,1
42963,1
42982,1
43006,1
43048,1
43054,1
43057,1
43062,1
43063,1
43096,1
43104,1
43105,1
43139,1
43151,1
43168,1
43170,1
43182,1
43183,1
43203,1
43204,1
43208,1
43239,1
43243,1
43266,1
43279,1
43282,1
43288,1
43296,1
43318,1
43339,1
43351,1
43377,1
43399,1
43402,1
43433,1
43458,1
43473,1
43581,1
43591,1
43601,1
43603,1
43644,1
43671,1
43677,1
43682,1
43693,1
43695,1
43716,1
43726,1
43753,1
43754,1
43755,1
43763,1
43821,1
43829,1
43839,1
43850,1
43856,1
43867,1
43882,1
43891,1
43894,1
43936,1
43955,1
43956,1
43980,1
44012,1
44040,1
44048,1
44055,1
44057,1
44077,1
44089,1
44092,1
44115,1
44122,1
44124,1
44150,1
44151,1
44166,1
44193,1
44201,1
44206,1
44217,1
44245,1
44296,1
44304,1
44310,1
44326,1
44327,1
44328,1
44349,1
44353,1
44357,1
44364,1
44367,1
44387,1
44397,1
44401,1
44406,1
44422,1
44440,1
44449,1
44458,1
44473,1
44475,1
44480,1
44496,1
44511,1
44519,1
44550,1
44577,1
44579,1
44585,1
44595,1
44596,1
44600,1
44607,1
44635,1
44647,1
44671,1
44674,1
44681,1
44688,1
44691,1
44724,1
44750,1
44757,1
44759,1
44769,1
44790,1
44806,1
44809,1
44817,1
44820,1
44823,1
44837,1
44849,1
44853,1
44877,1
44885,1
44926,1
44927,1
44946,1
44948,1
44958,1
44961,1
44963,1
44977,1
44978,1
44992,1
45018,1
45020,1
45061,1
45067,1
45068,1
45075,1
45091,1
45107,1
45139,1
45146,1
45155,1
45170,1
45183,1
45200,1
45203,1
45218,1
45227,1
45281,1
45293,1
45312,1
45313,1
45334,1
45338,1
45364,1
45367,1
45381,1
45407,1
45419,1
45496,1
45499,1
45531,1
45538,1
45576,1
45581,1
45602,1
45619,1
45620,1
45624,1
45627,1
45633,1
45647,1
45669,1
45691,1
45697,1
45723,1
45729,1
45730,1
45733,1
45745,1
45773,1
45781,1
45788,1
45812,1
45826,1
45827,1
45851,1
45868,1
45870,1
45928,1
45948,1
45980,1
45991,1
46012,1
46023,1
46048,1
46067,1
46077,1
46081,1
46084,1
46088,1
46100,1
46124,1
46127,1
46135,1
46143,1
46150,1
46162,1
46198,1
46224,1
46260,1
46270,1
46286,1
46288,1
46290,1
46293,1
46299,1
46300,1
46335,1
46339,1
46345,1
46349,1
46370,1
46381,1
46393,1
46403,1
46423,1
46438,1
46446,1
46458,1
46463,1
46467,1
46468,1
46489,1
46529,1
46537,1
46538,1
46539,1
46541,1
46543,1
46544,1
46569,1
46585,1
46587,1
46607,1
46616,1
46621,1
46632,1
46634,1
46655,1
46673,1
46686,1
46717,1
46731,1
46736,1
46760,1
46770,1
46824,1
46829,1
46832,1
46833,1
46837,1
46873,1
46899,1
46908,1
46927,1
46939,1
46952,1
46955,1
47000,1
47019,1
47021,1
47026,1
47028,1
47033,1
47038,1
47052,1
47056,1
47072,1
47095,1
47121,1
47156,1
47158,1
47163,1
47175,1
47198,1
47204,1
47210,1
47212,1
47218,1
47225,1
47232,1
47237,1
47239,1
47242,1
47269,1
47276,1
47287,1
47332,1
47333,1
47372,1
47375,1
47398,1
47410,1
47422,1
47443,1
47469,1
47473,1
47476,1
47496,1
47506,1
47555,1
47565,1
47621,1
47632,1
47633,1
47635,1
47642,1
47646,1
47702,1
47732,1
47740,1
47764,1
47782,1
47789,1
47814,1
47830,1
47840,1
47858,1
47886,1
47915,1
47917,1
47918,1
47923,1
47951,1
48001,1
48002,1
48004,1
48005,1
48013,1
48031,1
48057,1
48060,1
48062,1
48065,1
48069,1
48115,1
48121,1
48122,1
48151,1
48154,1
48164,1
48170,1
48179,1
48202,1
48219,1
48223,1
48225,1
48248,1
48254,1
48270,1
48314,1
48332,1
48336,1
48337,1
48342,1
48347,1
48351,1
48362,1
48375,1
48384,1
48396,1
48429,1
48432,1
48451,1
48455,1
48469,1
48503,1
48527,1
48535,1
48555,1
48568,1
48590,1
48594,1
48602,1
48642,1
48651,1
48667,1
48678,1
48686,1
48697,1
48706,1
48709,1
48734,1
48757,1
48767,1
48795,1
48801,1
48807,1
48815,1
48820,1
48828,1
48839,1
48863,1
48878,1
48890,1
48894,1
48898,1
48903,1
48921,1
48929,1
48941,1
48948,1
48969,1
48972,1
48989,1
49003,1
49011,1
49023,1
49038,1
49039,1
49044,1
49061,1
49067,1
49096,1
49113,1
49125,1
49128,1
49136,1
49157,1
49183,1
49206,1
49216,1
49223,1
49236,1
49261,1
49264,1
49272,1
49281,1
49283,1
49288,1
49291,1
49295,1
49301,1
49306,1
49319,1
49334,1
49339,1
49349,1
49350,1
49384,1
49398,1
49400,1
49416,1
49426,1
49431,1
49453,1
49488,1
49503,1
49505,1
49527,1
49540,1
49553,1
49577,1
49578,1
49580,1
49587,1
49597,1
49599,1
49602,1
49611,1
49618,1
49623,1
49631,1
49653,1
49713,1
49717,1
49724,1
49752,1
49771,1
49775,1
49799,1
49824,1
49843,1
49847,1
49867,1
49870,1
49871,1
49887,1
49898,1
49899,1
49938,1
49947,1
49958,1
49963,1
49975,1
